testing_performance,testing_complexity,training_performance,training_complexity,task_id,validation,seed
0.8436018957345972,84746,0.8630190251353979,67880,359962,aggregated,20338
0.8840579710144928,5,0.8775870967741936,5,146818,aggregated,20012
0.8588235294117647,1059,0.8461902304781562,1059,190146,aggregated,20105
0.8578199052132701,23,0.8640744341063741,23,359962,aggregated,20345
0.7733333333333333,4354,0.8009618573797679,4354,359955,aggregated,20070
0.910958904109589,57651,0.9146547470467012,54975,359958,aggregated,20182
0.841025641025641,340721,0.7966778550961934,310673,168784,aggregated,20327
0.8588235294117647,1766,0.8291881664946681,1766,190146,aggregated,20117
0.8815165876777251,164246,0.8645979725038189,133766,359962,aggregated,20357
0.7733333333333333,327,0.8053178551686015,299,359955,aggregated,20062
0.8705882352941177,1446,0.8344341245270037,1446,190146,aggregated,20109
0.9178082191780822,96802,0.917690767132035,79218,359958,aggregated,20190
0.8767772511848341,48912,0.8630176364393835,39886,359962,aggregated,20334
0.8530805687203792,174,0.864597972503819,174,359962,aggregated,20349
0.74,21491,0.7666666666666667,17741,168757,aggregated,20121
0.8840579710144928,895,0.8791870967741936,886,146818,aggregated,20028
1.0,286,0.9922829581993569,259,359960,aggregated,20272
0.7181208053691275,534831,0.6149812734082396,427875,2073,aggregated,20270
0.8153846153846154,121014,0.7869291854277528,101997,168784,aggregated,20303
0.8,16601,0.7622222222222221,13873,168757,aggregated,20142
0.77,208802,0.7555555555555555,167678,168757,aggregated,20133
0.8985507246376812,43051,0.8728645161290324,33835,146818,aggregated,20024
0.7046979865771812,106871,0.6104868913857677,82827,2073,aggregated,20266
0.9246575342465754,27821,0.9191942646503932,22613,359958,aggregated,20203
0.77,24361,0.7699999999999999,19381,168757,aggregated,20150
0.8307692307692308,306271,0.798406876790831,304019,168784,aggregated,20311
0.5540540540540541,68361,0.5615094339622642,54817,359959,aggregated,20227
0.8679245283018868,98622,0.8777833472570314,79842,359956,aggregated,20171
0.6711409395973155,444061,0.595505617977528,356693,2073,aggregated,20246
0.8705882352941177,1446,0.8449518403852769,1446,190146,aggregated,20099
0.5878378378378378,7089,0.5690566037735849,7089,359959,aggregated,20239
0.5743243243243243,21121,0.5690566037735849,20845,359959,aggregated,20235
0.8705882352941177,1445,0.8462676298589612,1445,190146,aggregated,20095
0.8679245283018868,3,0.87353940406572,3,359956,aggregated,20163
0.7466666666666667,5938,0.8112769485903815,5938,359955,aggregated,20083
0.6308724832214765,44,0.6059925093632959,44,2073,aggregated,20250
0.839622641509434,2905,0.8830075187969925,2905,359956,aggregated,20155
0.6756756756756757,136851,0.672282980177717,112155,359954,aggregated,20058
1.0,35941,0.9993569131832798,30525,359960,aggregated,20293
0.6756756756756757,19271,0.6708361813624972,19055,359954,aggregated,20046
0.6756756756756757,448,0.6797789929368877,361,359954,aggregated,20037
0.5608108108108109,25579,0.5743396226415094,20879,359959,aggregated,20211
1.0,642,0.997427652733119,524,359960,aggregated,20281
0.8962264150943396,477,0.8903870788081315,477,359956,aggregated,20159
0.6486486486486487,167,0.7024265208475734,166,359954,aggregated,20054
0.5675675675675675,11401,0.5667924528301886,11401,359959,aggregated,20229
0.76,83692,0.8038363736871199,66996,359955,aggregated,20081
0.8705882352941177,9217,0.8317767457860337,9217,190146,aggregated,20097
0.8867924528301887,660,0.8766638819270398,660,359956,aggregated,20161
0.527027027027027,149,0.570566037735849,149,359959,aggregated,20237
0.6351351351351351,53197,0.6797676008202324,43589,359954,aggregated,20060
0.839622641509434,171121,0.8788415483152325,134087,359956,aggregated,20173
0.6148648648648649,1214,0.5622641509433962,1214,359959,aggregated,20225
0.6351351351351351,76682,0.6797334244702666,61928,359954,aggregated,20056
0.6241610738255033,79942,0.6037453183520599,44588,2073,aggregated,20251
0.5405405405405406,17167,0.5720754716981132,14713,359959,aggregated,20213
0.6486486486486487,73881,0.6903167008430167,59571,359954,aggregated,20035
1.0,652,0.9967845659163987,530,359960,aggregated,20283
0.6891891891891891,90656,0.6857826384142174,73930,359954,aggregated,20048
0.6621621621621622,346,0.6721804511278195,349,359954,aggregated,20039
0.6891891891891891,301,0.6933128275233538,301,359954,aggregated,20044
0.8679245283018868,2374,0.8798551935394041,2374,359956,aggregated,20157
1.0,514,0.9993569131832798,434,359960,aggregated,20291
0.7114093959731543,193052,0.6142322097378277,156956,2073,aggregated,20247
0.9041095890410958,2180,0.9275708936812469,2180,359958,aggregated,20192
0.8578199052132701,14,0.8624829884738231,14,359962,aggregated,20336
0.8773584905660378,1916,0.8883375104427736,1916,359956,aggregated,20180
0.8705882352941177,1445,0.8659270725834194,1298,190146,aggregated,20115
0.6644295302013423,129300,0.6089887640449438,105182,2073,aggregated,20267
0.8985507246376812,7403,0.880825806451613,5819,146818,aggregated,20002
0.8051282051282052,213751,0.7886631191158412,178327,168784,aggregated,20329
0.8530805687203792,23,0.8640730454103597,23,359962,aggregated,20355
0.8588235294117647,1445,0.8462762297901616,1445,190146,aggregated,20119
0.8672985781990521,108622,0.8693264824329955,88316,359962,aggregated,20359
0.8307692307692308,200411,0.7944036021285305,165487,168784,aggregated,20325
0.8588235294117647,1765,0.8449174406604747,1765,190146,aggregated,20107
0.8695652173913043,28002,0.879174193548387,22928,146818,aggregated,20010
0.7466666666666667,3892,0.8009618573797678,3142,359955,aggregated,20072
0.8578199052132701,23,0.8635383974447993,23,359962,aggregated,20347
0.910958904109589,20921,0.9222476997648972,17163,359958,aggregated,20201
0.8205128205128205,708641,0.7972329103561194,587031,168784,aggregated,20313
0.8405797101449275,39926,0.8759870967741936,32174,146818,aggregated,20026
0.75,48221,0.76,38627,168757,aggregated,20131
0.841025641025641,499351,0.7984052394596808,440047,168784,aggregated,20301
0.81,68296,0.7655555555555555,54754,168757,aggregated,20140
0.77,55311,0.7677777777777777,44087,168757,aggregated,20123
0.6216216216216216,59161,0.6888471177944863,47845,359954,aggregated,20040
1.0,476,0.9954983922829583,424,359960,aggregated,20295
0.8679245283018868,116,0.8830465051517683,116,359956,aggregated,20153
0.5945945945945946,1025,0.6676691729323309,915,359954,aggregated,20052
1.0,600,0.9961414790996784,453,359960,aggregated,20299
1.0,559,0.9980707395498392,464,359960,aggregated,20287
0.6845637583892618,428972,0.6127340823970038,343418,2073,aggregated,20256
0.5878378378378378,14511,0.5630188679245283,14647,359959,aggregated,20217
0.6486486486486487,1952,0.685805422647528,1947,359954,aggregated,20031
0.839622641509434,187,0.8851796157059315,187,359956,aggregated,20169
0.8584905660377359,176411,0.8819883040935672,140031,359956,aggregated,20177
0.7466666666666667,4082,0.8052957435046988,4082,359955,aggregated,20089
0.5675675675675675,24583,0.5690566037735849,20740,359959,aggregated,20221
0.7466666666666667,6177,0.8127915975677169,6177,359955,aggregated,20085
0.8705882352941177,1446,0.8357155142758858,1446,190146,aggregated,20093
0.8773584905660378,16902,0.8767251461988306,16282,359956,aggregated,20165
0.6013513513513513,2056,0.5675471698113207,2056,359959,aggregated,20233
0.8205128205128205,146411,0.7938076135898485,138679,168784,aggregated,20305
0.82,130281,0.7733333333333333,104651,168757,aggregated,20144
0.75,1371,0.7644444444444444,1371,168757,aggregated,20139
1.0,932,0.997427652733119,932,359960,aggregated,20274
0.9130434782608695,68351,0.8873161290322582,57735,146818,aggregated,20030
0.8972602739726028,9294,0.9115838969030273,7644,359958,aggregated,20209
0.79,589,0.7655555555555555,460,168757,aggregated,20127
0.8102564102564103,169641,0.7955399099467867,139937,168784,aggregated,20317
0.910958904109589,158501,0.9199460134095725,126983,359958,aggregated,20205
0.76,139646,0.7699999999999999,110204,168757,aggregated,20148
0.8256410256410256,143011,0.7857928776094966,138063,168784,aggregated,20309
0.9130434782608695,451,0.8776645161290324,451,146818,aggregated,20022
1.0,495,0.997427652733119,417,359960,aggregated,20278
0.81,83896,0.7655555555555555,67252,168757,aggregated,20135
0.7466666666666667,2090,0.7994472084024322,2090,359955,aggregated,20068
0.8358974358974359,564622,0.7812279983626688,531830,168784,aggregated,20321
0.910958904109589,87771,0.9184541259106609,71777,359958,aggregated,20184
0.7733333333333333,3090,0.8008955223880596,3090,359955,aggregated,20076
0.8672985781990521,21341,0.8582752395500626,19273,359962,aggregated,20343
0.8588235294117647,1446,0.8449518403852769,1446,190146,aggregated,20103
0.855072463768116,28472,0.875974193548387,26748,146818,aggregated,20014
0.8985507246376812,339,0.8759870967741936,339,146818,aggregated,20018
0.7046979865771812,116982,0.6127340823970038,95166,2073,aggregated,20260
0.9178082191780822,54511,0.9153803732621253,46699,359958,aggregated,20196
0.8720379146919431,139531,0.8661852520483266,110337,359962,aggregated,20332
0.7466666666666667,335,0.8112990602542842,268,359955,aggregated,20064
0.8720379146919431,168647,0.8619538952923206,137605,359962,aggregated,20351
0.8588235294117647,1446,0.8383900928792569,1446,190146,aggregated,20111
0.8985507246376812,15871,0.8759354838709678,12731,146818,aggregated,20006
0.9178082191780822,179032,0.9237686123124258,142624,359958,aggregated,20188
0.76,17951,0.7655555555555555,16591,168757,aggregated,20137
0.9130434782608695,34561,0.8905548387096773,28229,146818,aggregated,20020
0.697986577181208,137002,0.6082397003745318,107956,2073,aggregated,20261
0.8205128205128205,440771,0.792086778550962,386695,168784,aggregated,20315
0.9041095890410958,2,0.915383275766987,2,359958,aggregated,20207
0.79,134291,0.7611111111111111,107783,168757,aggregated,20129
0.8307692307692308,493582,0.7943921408104789,440510,168784,aggregated,20319
0.73,2781,0.7666666666666666,2161,168757,aggregated,20125
0.8256410256410256,214376,0.8018387228817028,180226,168784,aggregated,20307
0.82,15061,0.7577777777777778,11695,168757,aggregated,20146
1.0,2955,0.9987138263665596,2955,359960,aggregated,20276
0.8720379146919431,154221,0.8635356200527704,123955,359962,aggregated,20353
0.7866666666666666,7233,0.7993698175787729,7233,359955,aggregated,20066
0.8985507246376812,186,0.8808516129032258,162,146818,aggregated,20004
0.8941176470588236,2458,0.8356983144134847,2458,190146,aggregated,20113
0.76,23,0.8053067993366501,23,359955,aggregated,20078
0.9178082191780822,35801,0.9169332133631324,30096,359958,aggregated,20194
0.8767772511848341,295312,0.8698569643105124,242432,359962,aggregated,20341
0.76,588,0.7994803758982864,477,359955,aggregated,20074
0.9041095890410958,24791,0.9146228194932228,20741,359958,aggregated,20198
0.8985507246376812,14271,0.8888774193548388,11543,146818,aggregated,20016
0.8705882352941177,1445,0.8396800825593396,1445,190146,aggregated,20101
0.8358974358974359,145211,0.7949619320507573,140023,168784,aggregated,20323
0.910958904109589,108541,0.9161437320407512,89773,359958,aggregated,20186
0.8840579710144928,132,0.8792387096774194,130,146818,aggregated,20008
1.0,570,0.9987138263665596,476,359960,aggregated,20285
0.6621621621621622,71531,0.6812941444520392,57403,359954,aggregated,20033
0.5608108108108109,40551,0.569811320754717,32805,359959,aggregated,20215
0.6756756756756757,739,0.6933014354066984,737,359954,aggregated,20050
1.0,687,0.9980707395498392,562,359960,aggregated,20297
0.8867924528301887,112611,0.8809412419938736,91999,359956,aggregated,20151
1.0,636,0.9967845659163987,524,359960,aggregated,20289
0.6891891891891891,54647,0.6919002050580997,43975,359954,aggregated,20042
0.5,21139,0.5750943396226416,17573,359959,aggregated,20219
0.5608108108108109,17581,0.5652830188679245,14242,359959,aggregated,20231
0.8705882352941177,1445,0.8541279669762643,1445,190146,aggregated,20091
0.7114093959731543,483562,0.6112359550561799,389394,2073,aggregated,20257
0.8962264150943396,387,0.8830353661932608,286,359956,aggregated,20167
0.8490566037735849,672,0.8924979114452798,672,359956,aggregated,20179
0.76,795,0.8067661691542289,795,359955,aggregated,20087
0.5675675675675675,3055,0.5728301886792453,2649,359959,aggregated,20223
0.8490566037735849,33,0.8777666388192704,33,359956,aggregated,20175
0.5675675675675675,834,0.5735849056603773,834,359959,aggregated,20240
0.7181208053691275,123991,0.6067415730337078,99549,2073,aggregated,20241
0.6351351351351351,1451,0.6964114832535885,1451,359954,aggregated,20047
0.7567567567567568,93211,0.6811916154021417,78707,359954,aggregated,20059
1.0,1843,0.9987138263665596,1843,359960,aggregated,20292
0.8867924528301887,289,0.8819715956558063,289,359956,aggregated,20154
0.6351351351351351,54131,0.6707222601959444,43511,359954,aggregated,20055
0.8773584905660378,456,0.8893622946254525,456,359956,aggregated,20158
1.0,429,0.9993569131832798,341,359960,aggregated,20280
0.6351351351351351,94527,0.6738095238095239,76407,359954,aggregated,20036
0.6711409395973155,377241,0.6119850187265918,302303,2073,aggregated,20254
0.8941176470588236,1298,0.8528981768145855,1298,190146,aggregated,20098
0.7733333333333333,5890,0.8053510226644555,5890,359955,aggregated,20090
0.5878378378378378,6001,0.5683018867924529,6001,359959,aggregated,20238
0.5878378378378378,10088,0.5660377358490566,9676,359959,aggregated,20226
0.8773584905660378,119,0.8819548872180449,119,359956,aggregated,20170
0.76,2422,0.8008623548922056,2422,359955,aggregated,20082
0.581081081081081,13321,0.5788679245283019,13009,359959,aggregated,20234
0.6912751677852349,503971,0.6104868913857678,406149,2073,aggregated,20242
0.8490566037735849,251781,0.8756836535783904,207191,359956,aggregated,20162
0.8470588235294118,2867,0.8541451668386653,2867,190146,aggregated,20094
0.78,2,0.7711111111111112,2,168757,aggregated,20143
0.8102564102564103,289551,0.7858223495702006,232891,168784,aggregated,20302
0.9315068493150684,131251,0.9169274083534089,112963,359958,aggregated,20210
0.8985507246376812,20701,0.8775870967741936,17247,146818,aggregated,20029
1.0,35341,0.9961414790996784,30775,359960,aggregated,20273
0.8578199052132701,57987,0.8624885432578809,47309,359962,aggregated,20360
0.6845637583892618,208751,0.6052434456928839,168303,2073,aggregated,20262
0.8679245283018868,823,0.8767251461988304,823,359956,aggregated,20361
0.8705882352941177,1445,0.840952872377021,1445,190146,aggregated,20120
0.8307692307692308,335671,0.7989783053622596,308683,168784,aggregated,20310
0.8835616438356164,5129,0.9154064958058804,4315,359958,aggregated,20202
0.78,96641,0.77,78313,168757,aggregated,20132
0.8695652173913043,3779,0.8824645161290322,3098,146818,aggregated,20025
0.8,176061,0.7909504707327057,147069,168784,aggregated,20326
0.697986577181208,87593,0.6172284644194757,71785,2073,aggregated,20258
0.9246575342465754,824,0.9131164194700027,824,359958,aggregated,20183
0.8578199052132701,13,0.8640730454103597,13,359962,aggregated,20344
0.7466666666666667,5,0.8023880597014925,5,359955,aggregated,20071
0.8695652173913043,57792,0.8840645161290321,46726,146818,aggregated,20013
0.8720379146919431,205221,0.8635508957089293,166699,359962,aggregated,20339
0.8705882352941177,1445,0.8488218094255245,1445,190146,aggregated,20104
0.8767772511848341,5,0.8635453409248715,5,359962,aggregated,20348
0.8705882352941177,1445,0.8515049879600964,1445,190146,aggregated,20108
0.9246575342465754,17902,0.9253185499085712,14282,359958,aggregated,20191
0.8720379146919431,20871,0.8619622274684072,17207,359962,aggregated,20335
0.8720379146919431,138276,0.8651173448132206,110446,359962,aggregated,20356
0.7733333333333333,2465,0.7994250967385297,2465,359955,aggregated,20063
0.8840579710144928,9,0.8856774193548386,9,146818,aggregated,20001
0.8588235294117647,1766,0.8462762297901616,1766,190146,aggregated,20116
1.0,348,0.9987138263665596,278,359960,aggregated,20300
0.8985507246376812,18021,0.8775870967741936,14881,146818,aggregated,20027
0.73,31261,0.7711111111111111,26689,168757,aggregated,20130
0.8461538461538461,303291,0.7949652067130577,275335,168784,aggregated,20312
0.9041095890410958,33236,0.9207267872173686,26858,359958,aggregated,20200
0.78,42881,0.76,41857,168757,aggregated,20122
0.78,79,0.7655555555555555,79,168757,aggregated,20141
0.697986577181208,96221,0.6052434456928839,74741,2073,aggregated,20259
1.0,2223,0.9967845659163987,2223,359960,aggregated,20271
0.7733333333333333,7090,0.7965174129353233,7090,359955,aggregated,20061
0.8102564102564103,225632,0.7938321735571019,183842,168784,aggregated,20328
0.8909952606635071,4,0.8656464379947229,4,359962,aggregated,20354
0.8588235294117647,1445,0.8488820089439285,1445,190146,aggregated,20114
0.855072463768116,3699,0.872774193548387,3665,146818,aggregated,20003
0.8904109589041096,32601,0.9199663309436044,25835,359958,aggregated,20193
0.8530805687203792,142876,0.860901263713373,115570,359962,aggregated,20337
0.7733333333333333,7250,0.7964179104477612,7250,359955,aggregated,20073
0.8483412322274881,26,0.8640716567143452,26,359962,aggregated,20346
0.8705882352941177,1445,0.8410044719642243,1445,190146,aggregated,20106
0.8985507246376812,11411,0.8759483870967741,8973,146818,aggregated,20011
0.6912751677852349,260571,0.6254681647940075,209663,2073,aggregated,20263
0.8578199052132701,22,0.8619636161644216,22,359962,aggregated,20358
0.8102564102564103,162101,0.7915038886614819,132821,168784,aggregated,20324
0.9246575342465754,308,0.9138710707340435,250,359958,aggregated,20181
0.8823529411764706,1020,0.8541279669762641,1020,190146,aggregated,20118
1.0,187,0.9987138263665596,187,359960,aggregated,20282
0.697986577181208,84851,0.6097378277153558,76269,2073,aggregated,20243
0.6621621621621622,231,0.6888129414445203,231,359954,aggregated,20049
0.5878378378378378,43102,0.5720754716981132,34652,359959,aggregated,20212
0.581081081081081,33886,0.6828662565504671,27218,359954,aggregated,20034
0.6756756756756757,41152,0.6632718159033949,33050,359954,aggregated,20057
1.0,56642,0.9987138263665594,49476,359960,aggregated,20290
0.8679245283018868,2,0.872531328320802,2,359956,aggregated,20156
0.7181208053691275,318921,0.6149812734082397,263191,2073,aggregated,20255
0.6891891891891891,361,0.6783549783549784,361,359954,aggregated,20045
0.6486486486486487,103042,0.6752335383914331,83666,359954,aggregated,20038
0.8867924528301887,316,0.8809301030353662,254,359956,aggregated,20160
0.8588235294117647,1766,0.8475834193326455,1766,190146,aggregated,20096
0.6351351351351351,23233,0.5615094339622642,23233,359959,aggregated,20236
0.5675675675675675,3914,0.5728301886792453,3459,359959,aggregated,20228
0.7466666666666667,3202,0.8023659480375898,2472,359955,aggregated,20080
0.8679245283018868,144611,0.8788081314397104,116073,359956,aggregated,20172
0.581081081081081,87,0.5683018867924529,85,359959,aggregated,20224
0.8588235294117647,1445,0.8450292397660819,1445,190146,aggregated,20102
0.927536231884058,9736,0.8760129032258066,8054,146818,aggregated,20015
0.7733333333333333,2672,0.800939745715865,2134,359955,aggregated,20077
0.8720379146919431,316501,0.8682807943341203,257709,359962,aggregated,20342
0.8767123287671232,9803,0.9138797782486285,8232,359958,aggregated,20185
0.7114093959731543,326562,0.6119850187265917,266006,2073,aggregated,20264
0.8307692307692308,620252,0.7926860417519443,537836,168784,aggregated,20320
0.7333333333333333,562,0.802343836373687,631,359955,aggregated,20069
0.8588235294117647,1446,0.8409700722394222,1446,190146,aggregated,20110
0.9041095890410958,37431,0.9184454183960759,32041,359958,aggregated,20189
0.8985507246376812,35406,0.882425806451613,25334,146818,aggregated,20007
0.7333333333333333,770,0.8009508015478165,770,359955,aggregated,20065
0.8625592417061612,5041,0.8656547701708096,5041,359962,aggregated,20350
0.8904109589041096,27891,0.91768205961745,23961,359958,aggregated,20197
0.8909952606635071,516,0.8651284543813359,516,359962,aggregated,20333
0.855072463768116,10172,0.8760129032258064,8518,146818,aggregated,20019
0.8904109589041096,116002,0.9192087771747017,94560,359958,aggregated,20208
0.77,2,0.7688888888888888,2,168757,aggregated,20126
0.74,11671,0.7699999999999999,10707,168757,aggregated,20138
1.0,470,0.9967845659163987,391,359960,aggregated,20275
0.77,5858,0.76,5858,168757,aggregated,20145
0.8307692307692308,1275571,0.7972836676217765,1043913,168784,aggregated,20304
0.8840579710144928,33801,0.8808774193548388,27675,146818,aggregated,20023
1.0,661,0.9954983922829582,597,359960,aggregated,20279
0.81,2,0.7611111111111111,2,168757,aggregated,20134
0.7948717948717948,210821,0.7852165370446172,176265,168784,aggregated,20308
0.78,56531,0.7722222222222223,45923,168757,aggregated,20149
0.6711409395973155,140687,0.6142322097378277,112871,2073,aggregated,20248
0.9041095890410958,23481,0.9108060256000929,19187,359958,aggregated,20204
0.8102564102564103,279001,0.7938321735571019,255637,168784,aggregated,20316
0.8773584905660378,1236,0.8872403230297967,1236,359956,aggregated,20176
0.7466666666666667,70,0.7963957987838584,70,359955,aggregated,20088
0.5675675675675675,15061,0.5720754716981131,12279,359959,aggregated,20220
0.9056603773584906,147,0.88937343358396,147,359956,aggregated,20168
0.697986577181208,374,0.602996254681648,374,2073,aggregated,20268
0.8867924528301887,47271,0.8767474241158452,37569,359956,aggregated,20164
0.8823529411764706,1087,0.8409958720330237,1087,190146,aggregated,20092
0.5945945945945946,1165,0.5645283018867924,1057,359959,aggregated,20232
0.7333333333333333,16202,0.7949917081260365,16202,359955,aggregated,20084
0.7114093959731543,211372,0.6097378277153558,169366,2073,aggregated,20252
1.0,731,0.9987138263665596,596,359960,aggregated,20294
0.6486486486486487,124201,0.6842560947824106,99765,359954,aggregated,20041
0.6081081081081081,27241,0.5713207547169811,26957,359959,aggregated,20216
1.0,507,0.9987138263665596,428,359960,aggregated,20286
0.6891891891891891,83301,0.6797676008202325,69843,359954,aggregated,20053
0.6912751677852349,204181,0.6149812734082397,164587,2073,aggregated,20244
1.0,1238,0.9987138263665594,1238,359960,aggregated,20298
0.8867924528301887,101231,0.8820217209690895,83149,359956,aggregated,20178
0.7466666666666667,356,0.8053841901603096,278,359955,aggregated,20086
0.6711409395973155,152612,0.6059925093632959,120654,2073,aggregated,20245
0.5675675675675675,156551,0.5750943396226414,126511,359959,aggregated,20230
0.8301886792452831,127,0.8861876914508494,127,359956,aggregated,20166
0.7114093959731543,472802,0.6172284644194758,383168,2073,aggregated,20253
0.5608108108108109,1560,0.56,1560,359959,aggregated,20222
0.8773584905660378,34142,0.8704204956836536,32102,359956,aggregated,20174
0.6621621621621622,231,0.6797220323536114,231,359954,aggregated,20051
0.6756756756756757,159061,0.6903167008430167,130107,359954,aggregated,20032
0.6148648648648649,177,0.560754716981132,165,359959,aggregated,20214
1.0,821,0.9987138263665596,821,359960,aggregated,20284
0.581081081081081,42371,0.5781132075471698,34039,359959,aggregated,20218
0.6845637583892618,115416,0.6074906367041197,94092,2073,aggregated,20269
1.0,684,0.9980707395498394,574,359960,aggregated,20288
0.6756756756756757,311,0.6858965595807701,285,359954,aggregated,20043
1.0,2667,0.9954983922829582,2668,359960,aggregated,20296
0.9178082191780822,303,0.9169187008388239,239,359958,aggregated,20195
0.8672985781990521,5,0.8598527982224692,5,359962,aggregated,20331
0.76,1106,0.8009508015478165,1106,359955,aggregated,20079
0.8358974358974359,947161,0.8075644699140401,779187,168784,aggregated,20330
0.7114093959731543,137551,0.6104868913857678,109409,2073,aggregated,20249
0.8695652173913043,68,0.876025806451613,68,146818,aggregated,20005
0.8705882352941177,1446,0.8462676298589612,1446,190146,aggregated,20112
0.8578199052132701,23,0.8635411748368282,23,359962,aggregated,20352
0.7466666666666667,4594,0.7993587617468214,4594,359955,aggregated,20067
0.8695652173913043,55701,0.8808129032258064,45195,146818,aggregated,20009
0.910958904109589,251,0.9275912112152789,251,359958,aggregated,20187
0.8205128205128205,277121,0.795526811297585,258373,168784,aggregated,20322
0.9130434782608695,6021,0.8761548387096776,4729,146818,aggregated,20017
0.910958904109589,130591,0.9222767248135142,107597,359958,aggregated,20199
0.8705882352941177,1445,0.8475920192638459,1445,190146,aggregated,20100
0.8625592417061612,108661,0.8619650048604361,84891,359962,aggregated,20340
0.7733333333333333,6849,0.8038805970149253,6849,359955,aggregated,20075
0.9178082191780822,48401,0.9131019069456942,39855,359958,aggregated,20206
0.77,74612,0.7655555555555555,59816,168757,aggregated,20128
0.7948717948717948,297111,0.793242734343021,276727,168784,aggregated,20314
0.73,6273,0.7722222222222221,6273,168757,aggregated,20136
0.8840579710144928,8031,0.8775870967741936,7139,146818,aggregated,20021
1.0,619,0.9980707395498392,515,359960,aggregated,20277
0.6912751677852349,769,0.6067415730337078,768,2073,aggregated,20265
0.72,502,0.7655555555555555,413,168757,aggregated,20147
0.8205128205128205,118061,0.7949652067130577,113285,168784,aggregated,20306
0.78,529,0.77,422,168757,aggregated,20124
0.8205128205128205,148641,0.7972705689725748,140261,168784,aggregated,20318
0.8773584905660378,106961,0.885118351434141,88459,359956,compressed,20568
0.7466666666666667,222,0.811299060254284,222,359955,compressed,20488
0.8867924528301887,216971,0.8809356725146198,170897,359956,compressed,20576
0.5878378378378378,39141,0.5818867924528301,38489,359959,compressed,20620
0.7466666666666667,758,0.8112106135986732,758,359955,compressed,20484
0.8490566037735849,584,0.8925424672793095,583,359956,compressed,20564
0.8823529411764706,1297,0.8515135878912968,1297,190146,compressed,20492
0.5878378378378378,7345,0.5758490566037735,6835,359959,compressed,20632
0.6621621621621622,256,0.6979380268853953,248,359954,compressed,20441
1.0,341,0.9987138263665596,341,359960,compressed,20694
0.8301886792452831,321391,0.8788025619604568,250045,359956,compressed,20552
0.6486486486486487,55901,0.6933697881066303,45981,359954,compressed,20453
1.0,835,1.0,671,359960,compressed,20698
1.0,477,1.0,399,359960,compressed,20686
0.6912751677852349,327591,0.6307116104868914,263277,2073,compressed,20661
0.5472972972972973,13721,0.5818867924528301,13533,359959,compressed,20616
0.8051282051282052,135571,0.8018272615636513,128663,168784,compressed,20720
0.76,1553,0.8112990602542842,1211,359955,compressed,20469
0.9178082191780822,50821,0.9260732011726119,43073,359958,compressed,20585
0.76,659,0.8098507462686568,659,359955,compressed,20477
0.7114093959731543,432242,0.6247191011235955,349092,2073,compressed,20641
0.8625592417061612,77531,0.8672337175392306,62665,359962,compressed,20742
0.8941176470588236,963,0.8606983144134848,963,190146,compressed,20502
0.8695652173913043,131041,0.8840903225806451,106995,146818,compressed,20415
0.697986577181208,251972,0.6194756554307116,203332,2073,compressed,20657
0.8625592417061612,259551,0.8677544785446466,211349,359962,compressed,20733
0.9246575342465754,172181,0.9275679911763852,132241,359958,compressed,20597
0.8985507246376812,66076,0.8839870967741936,53186,146818,compressed,20419
0.76,240,0.8112658927584301,240,359955,compressed,20465
0.8767772511848341,296741,0.8735606165810305,241623,359962,compressed,20750
0.8823529411764706,1445,0.8541451668386653,1445,190146,compressed,20510
0.8972602739726028,31301,0.9260557861434418,27917,359958,compressed,20589
0.8985507246376812,72031,0.8856774193548386,58561,146818,compressed,20407
0.74,1136,0.7744444444444444,1136,168757,compressed,20545
0.8256410256410256,296481,0.8035480966025379,248027,168784,compressed,20704
0.76,87422,0.7811111111111112,69404,168757,compressed,20538
1.0,179,1.0,179,359960,compressed,20675
0.9178082191780822,1514,0.9291063187530838,1514,359958,compressed,20608
0.76,1223,0.7711111111111111,1222,168757,compressed,20526
0.8358974358974359,416861,0.8132853049529267,382077,168784,compressed,20716
0.8835616438356164,248,0.9260586886483034,248,359958,compressed,20604
0.8307692307692308,131991,0.8092771182971756,125857,168784,compressed,20708
0.8,143111,0.7777777777777777,115065,168757,compressed,20549
1.0,350,1.0,350,359960,compressed,20679
0.8840579710144928,3455,0.8905032258064516,2886,146818,compressed,20423
0.71,20401,0.7733333333333332,16947,168757,compressed,20534
0.8767772511848341,80561,0.8682766282460769,64711,359962,compressed,20752
0.76,275,0.8068546158098397,277,359955,compressed,20467
0.8985507246376812,48711,0.8857032258064516,39251,146818,compressed,20405
0.8705882352941177,1445,0.8554953560371518,1445,190146,compressed,20512
0.76,854,0.8038142620232172,854,359955,compressed,20479
0.8205128205128205,358402,0.8098518215309047,295866,168784,compressed,20730
0.8720379146919431,225602,0.8682835717261492,182874,359962,compressed,20731
0.9178082191780822,76981,0.9222651147940673,71193,359958,compressed,20595
0.8578199052132701,120331,0.8724899319538952,96877,359962,compressed,20740
0.76,60701,0.8082697622996131,49383,359955,compressed,20475
0.8695652173913043,111511,0.8888903225806452,89737,146818,compressed,20417
0.9041095890410958,140021,0.9321800714016195,114737,359958,compressed,20599
0.8823529411764706,1445,0.8606983144134848,1445,190146,compressed,20500
0.8205128205128205,714841,0.8081424478100697,616209,168784,compressed,20722
0.9130434782608695,15191,0.8905032258064516,12221,146818,compressed,20409
0.9041095890410958,1403,0.9237831248367341,1403,359958,compressed,20587
0.74,1924,0.7711111111111111,1924,168757,compressed,20536
0.8695652173913043,24136,0.8856903225806452,19774,146818,compressed,20421
0.8051282051282052,276591,0.8109946786737618,228755,168784,compressed,20714
0.9041095890410958,81381,0.9313876875743767,64425,359958,compressed,20606
0.6912751677852349,307011,0.6224719101123595,246887,2073,compressed,20656
0.79,20471,0.7744444444444444,18295,168757,compressed,20528
0.8,555912,0.8023937781416292,468416,168784,compressed,20718
0.79,94811,0.7722222222222223,75013,168757,compressed,20524
0.77,76081,0.7799999999999999,59905,168757,compressed,20547
0.8205128205128205,469151,0.8029897666803111,384775,168784,compressed,20706
1.0,298,0.9993569131832798,298,359960,compressed,20677
0.6644295302013423,52283,0.6202247191011235,47450,2073,compressed,20660
0.5945945945945946,4669,0.5743396226415094,4143,359959,compressed,20630
0.8679245283018868,414,0.8840601503759398,413,359956,compressed,20566
0.76,282,0.8098396904367053,282,359955,compressed,20486
0.9056603773584906,26871,0.8798774714564189,24799,359956,compressed,20578
0.5878378378378378,11341,0.5781132075471699,11341,359959,compressed,20622
0.8962264150943396,448,0.8841047062099694,448,359956,compressed,20574
1.0,586,1.0,586,359960,compressed,20684
0.7297297297297297,72471,0.6902711323763955,57773,359954,compressed,20432
0.5472972972972973,10831,0.5743396226415094,10216,359959,compressed,20614
0.6756756756756757,116321,0.703816359079517,94921,359954,compressed,20451
1.0,421,1.0,421,359960,compressed,20696
1.0,270,1.0,270,359960,compressed,20688
0.6756756756756757,231,0.6963317384370016,231,359954,compressed,20443
0.5472972972972973,95801,0.5735849056603773,78359,359959,compressed,20618
0.8941176470588236,1297,0.8567767457860336,1297,190146,compressed,20520
0.8672985781990521,177661,0.8667074017497569,143617,359962,compressed,20760
1.0,456,1.0,456,359960,compressed,20673
0.8985507246376812,13656,0.8808129032258064,11030,146818,compressed,20429
0.910958904109589,71051,0.9199837459727744,61351,359958,compressed,20610
0.7315436241610739,206111,0.6202247191011236,166155,2073,compressed,20647
0.8,82276,0.7744444444444445,65572,168757,compressed,20543
0.8512820512820513,130621,0.8052541956610725,122393,168784,compressed,20702
0.79,29,0.7766666666666666,29,168757,compressed,20532
0.7248322147651006,211211,0.6247191011235955,170929,2073,compressed,20651
0.8840579710144928,69047,0.8839612903225806,54015,146818,compressed,20425
0.9383561643835616,33922,0.9230284735726932,28458,359958,compressed,20602
0.8358974358974359,570701,0.8064019647973802,505857,168784,compressed,20710
0.8985507246376812,62006,0.8921032258064516,50998,146818,compressed,20413
0.8578199052132701,150891,0.8688112762116372,122175,359962,compressed,20739
0.8823529411764706,1445,0.8462590299277606,1445,190146,compressed,20504
0.8625592417061612,194442,0.8682835717261492,158360,359962,compressed,20744
0.7466666666666667,841,0.806799336650083,841,359955,compressed,20471
0.9178082191780822,148742,0.9313963950889617,120148,359958,compressed,20583
0.8153846153846154,991341,0.8098452722063036,798707,168784,compressed,20726
0.8695652173913043,2483,0.8889032258064515,2305,146818,compressed,20401
0.8588235294117647,1445,0.8475834193326452,1445,190146,compressed,20516
0.8672985781990521,163691,0.8672337175392307,135393,359962,compressed,20756
0.7733333333333333,56091,0.8127031509121061,45613,359955,compressed,20463
0.8705882352941177,1021,0.8462590299277606,1021,190146,compressed,20508
0.9052132701421801,187831,0.869337592001111,152267,359962,compressed,20735
0.9041095890410958,50861,0.9268162424172062,41859,359958,compressed,20591
0.8815165876777251,237331,0.8672323288432162,192945,359962,compressed,20748
0.839622641509434,682,0.8861709830130883,682,359956,compressed,20554
0.6621621621621622,67441,0.7084643426748689,55105,359954,compressed,20459
1.0,250,0.9993569131832798,250,359960,compressed,20692
0.6756756756756757,698,0.6949646844383686,697,359954,compressed,20447
0.6216216216216216,62051,0.6962975620870357,50095,359954,compressed,20436
1.0,250,1.0,250,359960,compressed,20680
0.8679245283018868,32731,0.8904093567251461,28275,359956,compressed,20558
0.6621621621621622,28191,0.7039530644793802,28123,359954,compressed,20455
0.5675675675675675,124821,0.5803773584905659,100609,359959,compressed,20626
0.8490566037735849,142441,0.8830186577554999,116621,359956,compressed,20570
0.8588235294117647,1765,0.8606639146886824,1765,190146,compressed,20498
0.76,44291,0.8068103924820342,36351,359955,compressed,20490
0.6081081081081081,5917,0.5743396226415094,5572,359959,compressed,20638
0.5472972972972973,1180,0.5750943396226414,1180,359959,compressed,20634
0.8584905660377359,158091,0.8882929546087441,129131,359956,compressed,20562
0.8705882352941177,1445,0.8633384932920537,1445,190146,compressed,20494
0.76,204,0.8083692647871752,204,359955,compressed,20482
0.7114093959731543,187351,0.6239700374531836,150585,2073,compressed,20667
0.7248322147651006,380401,0.6179775280898877,306445,2073,compressed,20666
0.6621621621621622,147141,0.7023923444976077,120019,359954,compressed,20457
0.5405405405405406,12151,0.5788679245283019,11944,359959,compressed,20612
0.6621621621621622,144101,0.7100136705399864,116159,359954,compressed,20434
0.8959537572254336,687,1.0,687,359960,compressed,20682
0.7027027027027027,132901,0.6933470038733197,106103,359954,compressed,20449
0.6621621621621622,98601,0.7069036226930964,81063,359954,compressed,20438
0.6621621621621622,24206,0.699419002050581,19388,359954,compressed,20445
0.7248322147651006,372731,0.6209737827715356,295477,2073,compressed,20670
0.8679245283018868,420,0.8798830409356725,420,359956,compressed,20556
1.0,210,1.0,210,359960,compressed,20690
0.5743243243243243,87911,0.5750943396226414,69929,359959,compressed,20628
0.7733333333333333,653,0.8083250414593699,653,359955,compressed,20480
0.8962264150943396,748,0.8903926482873852,748,359956,compressed,20560
0.8588235294117647,1297,0.8527949776401789,1415,190146,compressed,20496
0.5945945945945946,11161,0.5811320754716981,10948,359959,compressed,20636
0.8867924528301887,823,0.8851461988304093,823,359956,compressed,20572
0.5135135135135135,66997,0.5735849056603773,53788,359959,compressed,20624
0.8972602739726028,37271,0.9298841900560182,31133,359958,compressed,20600
0.8102564102564103,225921,0.8069897666803112,198841,168784,compressed,20712
0.9130434782608695,6921,0.8856387096774194,6161,146818,compressed,20427
0.74,59661,0.7688888888888888,48739,168757,compressed,20530
1.0,85,0.9993569131832798,85,359960,compressed,20700
1.0,1236,0.9987138263665596,1236,359960,compressed,20671
0.74,23781,0.7755555555555554,19229,168757,compressed,20541
0.77,66512,0.7833333333333333,52706,168757,compressed,20522
0.8767772511848341,217251,0.868826551867796,176077,359962,compressed,20737
0.9041095890410958,40981,0.9237831248367341,38545,359958,compressed,20593
0.8705882352941177,1445,0.8475920192638459,1445,190146,compressed,20514
0.8695652173913043,218982,0.8872903225806452,177202,146818,compressed,20403
0.76,323,0.8112880044223327,323,359955,compressed,20461
0.8102564102564103,452831,0.8110061399918134,380367,168784,compressed,20728
0.8672985781990521,190941,0.8672434384113318,154257,359962,compressed,20754
0.6912751677852349,80701,0.6164794007490636,67425,2073,compressed,20650
0.9246575342465754,2,0.9215017560154413,2,359958,compressed,20581
0.8705882352941177,511,0.8620743034055728,511,190146,compressed,20518
0.8815165876777251,268431,0.8719802805165948,218187,359962,compressed,20758
0.8205128205128205,580311,0.8155742939009414,474805,168784,compressed,20724
0.7046979865771812,147451,0.6262172284644194,118107,2073,compressed,20646
0.8588235294117647,971,0.8555039559683524,971,190146,compressed,20506
0.8985507246376812,12981,0.8857032258064516,10317,146818,compressed,20411
0.7733333333333333,47131,0.8053178551686013,38565,359955,compressed,20473
0.8815165876777251,166631,0.8682821830301348,136233,359962,compressed,20746
0.8972602739726028,8831,0.9245319710910515,7176,359958,compressed,20609
0.8695652173913043,81806,0.8889548387096774,67016,146818,compressed,20430
0.78,171421,0.7777777777777778,136463,168757,compressed,20527
0.6845637583892618,260001,0.6202247191011236,209271,2073,compressed,20669
0.72,96811,0.7722222222222223,76709,168757,compressed,20539
1.0,824,1.0,824,359960,compressed,20674
0.8051282051282052,664702,0.7995448219402375,561622,168784,compressed,20705
0.77,18977,0.7755555555555556,15571,168757,compressed,20544
1.0,542,1.0,542,359960,compressed,20678
0.855072463768116,12882,0.8792387096774194,10254,146818,compressed,20422
0.79,6209,0.7733333333333332,5657,168757,compressed,20535
0.7,63561,0.7788888888888889,50763,168757,compressed,20548
0.8205128205128205,195022,0.805832173557102,191698,168784,compressed,20709
0.9178082191780822,39296,0.9230139610483847,32056,359958,compressed,20605
0.8256410256410256,585971,0.8018370855505527,510107,168784,compressed,20717
0.8705882352941177,1297,0.8580667354661162,1387,190146,compressed,20503
0.8840579710144928,10691,0.8970193548387098,9319,146818,compressed,20414
0.7466666666666667,308,0.8128358208955223,308,359955,compressed,20476
0.8672985781990521,85197,0.8714553534231356,69353,359962,compressed,20743
0.910958904109589,136361,0.9336951789394249,112747,359958,compressed,20584
0.7114093959731543,218541,0.6239700374531835,176689,2073,compressed,20653
0.7733333333333333,922,0.8097512437810945,922,359955,compressed,20468
0.8564102564102564,551461,0.8006811297584937,480141,168784,compressed,20721
0.8823529411764706,1445,0.8514791881664946,1445,190146,compressed,20511
0.8985507246376812,16671,0.8872774193548386,13651,146818,compressed,20406
0.8698630136986302,260,0.9207471047514003,260,359958,compressed,20588
0.6845637583892618,206111,0.6202247191011236,165699,2073,compressed,20645
0.7466666666666667,250,0.8098396904367053,250,359955,compressed,20464
0.8767772511848341,162531,0.8687932231634494,131211,359962,compressed,20751
0.8985507246376812,3029,0.895341935483871,2467,146818,compressed,20418
0.8720379146919431,94661,0.8682946812942646,77231,359962,compressed,20732
0.9246575342465754,1352,0.9199692334484662,1352,359958,compressed,20596
0.7046979865771812,225611,0.6254681647940075,182975,2073,compressed,20665
0.8679245283018868,302,0.8935449735449735,302,359956,compressed,20553
1.0,554,1.0,554,359960,compressed,20695
0.6756756756756757,119162,0.7084529505582138,96962,359954,compressed,20440
0.6216216216216216,1009,0.5773584905660377,1009,359959,compressed,20617
0.6081081081081081,78397,0.6873319662793348,63811,359954,compressed,20431
1.0,1310,1.0,1310,359960,compressed,20687
0.581081081081081,1689,0.6903508771929825,1689,359954,compressed,20452
1.0,1116,1.0,1116,359960,compressed,20699
0.76,210,0.8068767274737423,210,359955,compressed,20489
0.8679245283018868,338,0.8861709830130883,338,359956,compressed,20577
0.5675675675675675,6787,0.5675471698113207,5986,359959,compressed,20621
0.8773584905660378,798,0.8904260651629073,798,359956,compressed,20569
0.8588235294117647,356,0.8567939456484348,298,190146,compressed,20493
0.8679245283018868,110051,0.8841047062099694,90553,359956,compressed,20565
0.6845637583892618,200371,0.6269662921348316,162525,2073,compressed,20649
0.5675675675675675,82151,0.5758490566037735,65227,359959,compressed,20633
0.7466666666666667,1647,0.8112106135986732,1647,359955,compressed,20485
0.6486486486486487,95221,0.7008430166324904,77165,359954,compressed,20450
0.6891891891891891,18022,0.694896331738437,17437,359954,compressed,20433
0.5878378378378378,4861,0.5735849056603773,4861,359959,compressed,20615
0.7046979865771812,194462,0.6292134831460674,156320,2073,compressed,20648
1.0,592,1.0,592,359960,compressed,20685
0.5878378378378378,2,0.570566037735849,2,359959,compressed,20619
1.0,815,0.9993569131832798,815,359960,compressed,20689
0.6756756756756757,296,0.7040555935292778,296,359954,compressed,20442
0.8773584905660378,532,0.8883152325257588,532,359956,compressed,20551
1.0,510,0.9993569131832798,510,359960,compressed,20697
0.7733333333333333,357,0.8038474295190714,293,359955,compressed,20487
0.8490566037735849,193991,0.8851294903926483,158597,359956,compressed,20579
0.527027027027027,67561,0.5788679245283019,54387,359959,compressed,20631
0.8823529411764706,1446,0.8515737874097008,1446,190146,compressed,20491
0.8867924528301887,551,0.8904372041214146,551,359956,compressed,20567
0.5472972972972973,12247,0.5856603773584905,11912,359959,compressed,20640
0.5675675675675675,25357,0.5781132075471699,21773,359959,compressed,20623
0.8584905660377359,69782,0.8809245335561124,57420,359956,compressed,20575
0.6711409395973155,214591,0.6209737827715356,167211,2073,compressed,20664
0.910958904109589,51421,0.9253011348794008,45541,359958,compressed,20607
0.77,1372,0.7777777777777778,1372,168757,compressed,20529
0.841025641025641,266681,0.8081555464592715,245737,168784,compressed,20715
0.82,189411,0.7777777777777779,151885,168757,compressed,20537
0.7181208053691275,154581,0.6292134831460674,124439,2073,compressed,20644
0.8840579710144928,36097,0.8937161290322579,29197,146818,compressed,20420
1.0,281,0.9993569131832798,281,359960,compressed,20676
0.7046979865771812,281441,0.6179775280898876,225029,2073,compressed,20652
0.8512820512820513,78509,0.8064003274662299,66806,168784,compressed,20707
0.78,1142,0.7711111111111111,1142,168757,compressed,20546
0.79,2080,0.7766666666666666,2080,168757,compressed,20525
0.8051282051282052,259481,0.8109930413426115,217107,168784,compressed,20719
0.8904109589041096,164771,0.9253098423939861,128863,359958,compressed,20594
0.7866666666666666,983,0.8113101160862355,983,359955,compressed,20478
0.9130434782608695,9851,0.8808129032258064,7825,146818,compressed,20404
0.8588235294117647,448,0.8567165462676298,449,190146,compressed,20513
0.8578199052132701,193221,0.8661755311762255,156005,359962,compressed,20753
0.7466666666666667,442,0.8112769485903815,442,359955,compressed,20466
0.910958904109589,103431,0.9267959248831742,86443,359958,compressed,20586
0.855072463768116,19086,0.884,15560,146818,compressed,20408
0.8205128205128205,178461,0.8052853049529268,165185,168784,compressed,20723
0.9246575342465754,53401,0.9214901459959945,46037,359958,compressed,20598
0.8985507246376812,44241,0.8856387096774194,35683,146818,compressed,20416
0.8941176470588236,1297,0.8633470932232543,1297,190146,compressed,20501
0.697986577181208,93262,0.6187265917602996,75020,2073,compressed,20668
0.8625592417061612,114891,0.8672239966671296,93255,359962,compressed,20741
0.7733333333333333,2578,0.80236594803759,2578,359955,compressed,20474
0.697986577181208,227422,0.6292134831460675,184320,2073,compressed,20663
0.8705882352941177,385,0.8594083247334021,385,190146,compressed,20499
0.5878378378378378,20251,0.5849056603773585,18740,359959,compressed,20639
0.5945945945945946,92771,0.5728301886792452,87411,359959,compressed,20627
0.8773584905660378,389,0.893589529379003,389,359956,compressed,20571
0.76,2210,0.8039248203427307,2210,359955,compressed,20483
0.5945945945945946,23021,0.5705660377358491,22477,359959,compressed,20635
0.8705882352941177,1445,0.8489078087375301,1387,190146,compressed,20495
0.8773584905660378,173171,0.8851517683096629,140065,359956,compressed,20563
0.7027027027027027,164,0.6872863978127136,177,359954,compressed,20446
0.6756756756756757,148701,0.7069264069264068,121633,359954,compressed,20458
0.7181208053691275,225511,0.6194756554307116,183531,2073,compressed,20659
1.0,636,0.9993569131832798,636,359960,compressed,20693
0.8679245283018868,170261,0.8882985240879977,138997,359956,compressed,20555
0.6621621621621622,74432,0.6949419002050582,60030,359954,compressed,20454
0.8867924528301887,145031,0.8819493177387914,116271,359956,compressed,20559
1.0,586,1.0,586,359960,compressed,20681
0.6891891891891891,55691,0.7023581681476418,44631,359954,compressed,20437
0.5743243243243243,11707,0.5826415094339623,11031,359959,compressed,20611
0.8358974358974359,378081,0.8081489971346704,375301,168784,compressed,20727
0.8767123287671232,22081,0.9260644936580269,18035,359958,compressed,20582
0.8767772511848341,187361,0.8672420497153173,152017,359962,compressed,20745
0.7466666666666667,1271,0.8054505251520176,1271,359955,compressed,20470
0.8625592417061612,70811,0.8703860574920149,57655,359962,compressed,20738
0.8405797101449275,1016,0.8824387096774193,1202,146818,compressed,20412
0.8588235294117647,1445,0.8463106295149638,1445,190146,compressed,20505
0.8672985781990521,106861,0.8693292598250242,86815,359962,compressed,20749
0.8705882352941177,1445,0.8607069143446852,1445,190146,compressed,20509
0.8672985781990521,99121,0.8677586446326899,80591,359962,compressed,20734
0.910958904109589,158011,0.9276028212347255,130209,359958,compressed,20590
0.8720379146919431,152851,0.8693348146090821,122939,359962,compressed,20757
0.76,802,0.8053178551686015,802,359955,compressed,20462
0.8705882352941177,332,0.8528723770209838,267,190146,compressed,20517
0.8102564102564103,396541,0.8121489971346705,323487,168784,compressed,20703
0.74,70402,0.78,56130,168757,compressed,20542
1.0,772,1.0,772,359960,compressed,20672
0.8695652173913043,6863,0.8808774193548388,5463,146818,compressed,20428
0.6845637583892618,31,0.6157303370786517,31,2073,compressed,20655
0.78,78896,0.7733333333333333,62160,168757,compressed,20521
0.77,76062,0.7744444444444444,61096,168757,compressed,20550
0.8307692307692308,427032,0.8161571837904218,355366,168784,compressed,20711
0.8904109589041096,9311,0.9276144312541724,7724,359958,compressed,20603
0.7046979865771812,409552,0.6194756554307116,330872,2073,compressed,20643
0.78,736,0.7777777777777777,736,168757,compressed,20533
0.8985507246376812,51641,0.8872129032258064,42645,146818,compressed,20424
0.8102564102564103,435031,0.8201358984854688,359775,168784,compressed,20729
0.8625592417061612,125471,0.8693362033050965,101771,359962,compressed,20755
0.8705882352941177,1298,0.8528379772961816,1298,190146,compressed,20515
0.8840579710144928,83076,0.8873548387096774,65874,146818,compressed,20402
0.6912751677852349,251072,0.6209737827715356,202390,2073,compressed,20642
0.8867924528301887,21442,0.8820105820105819,19402,359956,compressed,20580
0.8720379146919431,82166,0.8698611303985558,65562,359962,compressed,20736
0.910958904109589,635,0.9291208312773923,635,359958,compressed,20592
0.6845637583892618,386042,0.6179775280898877,310738,2073,compressed,20654
0.7466666666666667,757,0.8067551133222775,757,359955,compressed,20472
0.8957345971563981,7,0.8656533814747951,7,359962,compressed,20747
0.8705882352941177,1445,0.86203130374957,1415,190146,compressed,20507
0.8840579710144928,97366,0.890516129032258,79590,146818,compressed,20410
0.8720379146919431,223801,0.8703818914039717,182875,359962,compressed,20759
0.8205128205128205,173981,0.8098681948424069,151271,168784,compressed,20725
0.8705882352941177,1445,0.8449174406604747,1445,190146,compressed,20519
0.927536231884058,11256,0.8905032258064516,8880,146818,compressed,20426
0.79,105272,0.7711111111111111,84278,168757,compressed,20531
0.8307692307692308,403132,0.809286942284077,332492,168784,compressed,20713
0.8835616438356164,1059,0.9252924273648159,1059,359958,compressed,20601
0.8,132591,0.7811111111111112,107177,168757,compressed,20523
0.8051282051282052,68945,0.8058452722063038,59187,168784,compressed,20701
0.81,26,0.7655555555555555,26,168757,compressed,20540
0.8705882352941177,1445,0.8633642930856553,1445,190146,compressed,20497
0.8773584905660378,359,0.8872514619883042,359,359956,compressed,20561
0.5878378378378378,25031,0.5645283018867925,24631,359959,compressed,20637
0.5608108108108109,14291,0.5788679245283019,14147,359959,compressed,20629
0.76,2671,0.8039027086788281,2093,359955,compressed,20481
0.8490566037735849,101,0.8830465051517683,101,359956,compressed,20573
0.6711409395973155,193851,0.6224719101123596,156201,2073,compressed,20658
0.5540540540540541,12661,0.5750943396226414,10534,359959,compressed,20625
0.6486486486486487,150611,0.6963773069036228,122357,359954,compressed,20460
1.0,323,0.9993569131832798,323,359960,compressed,20683
0.6756756756756757,231,0.6933583959899748,231,359954,compressed,20448
0.5608108108108109,12673,0.579622641509434,12483,359959,compressed,20613
0.6621621621621622,47331,0.699339257233994,38629,359954,compressed,20435
0.6486486486486487,132631,0.7024379129642286,107349,359954,compressed,20456
1.0,576,1.0,479,359960,compressed,20691
0.839622641509434,233,0.8840601503759398,231,359956,compressed,20557
0.6756756756756757,67472,0.6933356117566645,55100,359954,compressed,20444
0.6486486486486487,99101,0.6874572795625428,80909,359954,compressed,20439
0.7248322147651006,203341,0.6134831460674157,163771,2073,compressed,20662
0.79,13881,0.7677777777777777,10941,168757,unaggregated,20941
0.8358974358974359,219871,0.8098321735571019,182677,168784,unaggregated,21122
0.8862559241706162,4,0.8667212887099016,4,359962,unaggregated,21140
0.79,959,0.7633333333333333,959,168757,unaggregated,20922
0.8256410256410256,499231,0.8104265247646335,410209,168784,unaggregated,21130
0.8720379146919431,56746,0.8645993611998334,45998,359962,unaggregated,21131
0.8720379146919431,79191,0.8703860574920149,62853,359962,unaggregated,21152
0.855072463768116,10445,0.8824387096774193,8345,146818,unaggregated,20827
0.75,12197,0.7677777777777777,10044,168757,unaggregated,20930
0.8564102564102564,326131,0.8046876790830947,270143,168784,unaggregated,21106
0.6711409395973155,215932,0.6067415730337079,174542,2073,unaggregated,21066
0.910958904109589,640,0.9260790061823354,640,359958,unaggregated,20981
1.0,539,1.0,539,359960,unaggregated,21077
0.8588235294117647,1445,0.8633470932232543,1445,190146,unaggregated,20918
0.76,3551,0.8069209508015479,2681,359955,unaggregated,20873
0.841025641025641,411701,0.8190126893164141,342131,168784,unaggregated,21118
0.8941176470588236,540,0.864671482628139,540,190146,unaggregated,20906
0.855072463768116,66022,0.8872903225806452,54992,146818,unaggregated,20811
0.8153846153846154,336416,0.8155792058943921,279687,168784,unaggregated,21114
0.910958904109589,771,0.9298754825414333,771,359958,unaggregated,20993
0.9041095890410958,123,0.929123733782254,123,359958,unaggregated,21006
0.72,3377,0.806865671641791,2652,359955,unaggregated,20861
0.8588235294117647,913,0.8567423460612315,913,190146,unaggregated,20914
0.6845637583892618,172301,0.6142322097378277,136797,2073,unaggregated,21070
0.8695652173913043,27436,0.8808387096774194,22420,146818,unaggregated,20803
0.6756756756756757,417,0.7008999772157666,417,359954,unaggregated,20845
0.7162162162162162,729,0.7023353839143313,729,359954,unaggregated,20838
0.6644295302013423,25919,0.6179775280898876,20329,2073,unaggregated,21050
0.5608108108108109,2,0.5796226415094339,2,359959,unaggregated,21022
0.8679245283018868,562,0.8925368978000557,562,359956,unaggregated,20956
0.6351351351351351,186,0.6934267486899065,191,359954,unaggregated,20857
0.7046979865771812,229601,0.6202247191011236,184513,2073,unaggregated,21046
0.6216216216216216,771,0.7069377990430622,769,359954,unaggregated,20849
0.6013513513513513,55,0.5683018867924529,54,359959,unaggregated,21030
0.6486486486486487,130721,0.7083618136249714,106159,359954,unaggregated,20834
1.0,1134,1.0,1134,359960,unaggregated,21088
0.6081081081081081,16759,0.5713207547169812,13623,359959,unaggregated,21018
1.0,883,1.0,883,359960,unaggregated,21096
0.8773584905660378,333,0.8851350598719019,333,359956,unaggregated,20972
0.7866666666666666,376,0.8038032061912659,324,359955,unaggregated,20880
0.9884393063583815,84,0.9993569131832798,84,359960,unaggregated,21084
0.5675675675675675,21641,0.5713207547169812,17287,359959,unaggregated,21014
0.8705882352941177,1445,0.867311661506708,1445,190146,unaggregated,20896
0.8867924528301887,736,0.8882929546087441,736,359956,unaggregated,20960
0.6351351351351351,1505,0.7068694463431304,1506,359954,unaggregated,20836
0.527027027027027,17531,0.569811320754717,13965,359959,unaggregated,21032
0.6216216216216216,46751,0.6933128275233538,37987,359954,unaggregated,20855
0.8962264150943396,535,0.8914675577833473,535,359956,unaggregated,20958
0.581081081081081,609,0.699419002050581,609,359954,unaggregated,20859
0.5472972972972973,58691,0.5826415094339622,46759,359959,unaggregated,21020
0.8584905660377359,1039,0.8914898357003619,1038,359956,unaggregated,20954
0.6351351351351351,2628,0.6964342674868991,2629,359954,unaggregated,20847
1.0,958,1.0,958,359960,unaggregated,21086
0.5743243243243243,15561,0.5690566037735849,15605,359959,unaggregated,21016
0.8941176470588236,305,0.8594427244582044,257,190146,unaggregated,20894
0.8773584905660378,449,0.8988359788359789,449,359956,unaggregated,20962
1.0,17801,1.0,17731,359960,unaggregated,21098
0.7466666666666667,993,0.8112658927584301,993,359955,unaggregated,20882
0.6912751677852349,198571,0.6179775280898877,159069,2073,unaggregated,21047
1.0,598,1.0,597,359960,unaggregated,21094
0.8679245283018868,468,0.8956947925368978,468,359956,unaggregated,20970
0.6912751677852349,168982,0.6202247191011236,136908,2073,unaggregated,21051
0.7466666666666667,679,0.8083139856274185,679,359955,unaggregated,20890
0.8941176470588236,1297,0.8567509459924321,1297,190146,unaggregated,20898
0.8720379146919431,108861,0.8661810859602832,86819,359962,unaggregated,21150
0.79,49176,0.7711111111111111,38704,168757,unaggregated,20932
0.8985507246376812,1666,0.890541935483871,1078,146818,unaggregated,20825
0.8767772511848341,178351,0.8688098875156228,146131,359962,unaggregated,21133
0.8720379146919431,116776,0.8635578391890016,95894,359962,unaggregated,21142
0.8823529411764706,671,0.8672772617819057,670,190146,unaggregated,20920
0.7046979865771812,128191,0.6142322097378277,102077,2073,unaggregated,21067
0.8153846153846154,498731,0.8195906672124437,414327,168784,unaggregated,21120
0.77,40591,0.7722222222222223,32149,168757,unaggregated,20943
0.8840579710144928,38057,0.8985290322580646,31335,146818,unaggregated,20829
0.8256410256410256,180326,0.8104101514531313,150839,168784,unaggregated,21108
0.76,511,0.8111995577667219,511,359955,unaggregated,20863
0.927536231884058,52996,0.8873290322580646,41998,146818,unaggregated,20801
1.0,107,1.0,107,359960,unaggregated,21079
0.8941176470588236,321,0.8699260405916753,268,190146,unaggregated,20916
0.8205128205128205,243841,0.8155923045435939,198451,168784,unaggregated,21116
0.910958904109589,1491,0.9344527327083272,1491,359958,unaggregated,21004
0.8941176470588236,221,0.8673030615755074,220,190146,unaggregated,20908
0.8835616438356164,688,0.9313818825646532,688,359958,unaggregated,20991
0.76,44,0.8083250414593698,44,359955,unaggregated,20871
0.8695652173913043,67711,0.8872387096774194,56813,146818,unaggregated,20813
0.8941176470588236,619,0.8581269349845201,619,190146,unaggregated,20904
0.9041095890410958,133851,0.9336777639102547,108599,359958,unaggregated,21008
0.8153846153846154,485952,0.8081326238231682,447608,168784,unaggregated,21104
1.0,933,1.0,933,359960,unaggregated,21075
0.910958904109589,131761,0.9283661800133516,106915,359958,unaggregated,20983
0.8867924528301887,1545,0.8935895293790029,1545,359956,unaggregated,20974
1.0,211,1.0,211,359960,unaggregated,21090
0.6912751677852349,226421,0.6209737827715356,181685,2073,unaggregated,21056
0.5878378378378378,641,0.5766037735849057,641,359959,unaggregated,21012
0.8679245283018868,68231,0.8872626009468114,54497,359956,unaggregated,20966
1.0,519,1.0,519,359960,unaggregated,21082
0.76,729,0.8112658927584301,729,359955,unaggregated,20886
0.8773584905660378,571,0.8946365914786968,571,359956,unaggregated,20978
0.5675675675675675,9541,0.5743396226415094,8963,359959,unaggregated,21024
0.6891891891891891,1155,0.7146616541353383,1155,359954,unaggregated,20843
0.6081081081081081,2535,0.7054112554112555,2535,359954,unaggregated,20832
0.5945945945945946,19991,0.5735849056603773,19659,359959,unaggregated,21036
0.5405405405405406,16621,0.5788679245283019,13167,359959,unaggregated,21028
0.6756756756756757,75176,0.69792663476874,61198,359954,unaggregated,20851
0.910958904109589,1003,0.9344324151742953,1003,359958,unaggregated,20999
0.8985507246376812,37046,0.8904774193548388,30268,146818,unaggregated,20817
0.8823529411764706,620,0.8672772617819057,620,190146,unaggregated,20900
0.7733333333333333,4769,0.8083250414593698,4769,359955,unaggregated,20875
1.0,150,1.0,149,359960,unaggregated,21071
0.8972602739726028,376,0.9276057237395874,376,359958,unaggregated,20987
0.8985507246376812,8471,0.8873290322580646,7787,146818,unaggregated,20809
0.8695652173913043,4073,0.8888645161290322,3330,146818,unaggregated,20805
0.8470588235294118,785,0.8528379772961816,785,190146,unaggregated,20912
1.0,61701,1.0,49837,359960,unaggregated,21100
0.76,499,0.8143283582089553,499,359955,unaggregated,20867
0.8972602739726028,713,0.9336835689199781,713,359958,unaggregated,21000
0.910958904109589,394,0.9283487649841813,394,359958,unaggregated,20995
0.76,113,0.8112769485903815,113,359955,unaggregated,20879
0.8051282051282052,248411,0.8092771182971756,229939,168784,unaggregated,21112
0.79,3,0.7711111111111111,3,168757,unaggregated,20924
0.8530805687203792,189151,0.8672364949312596,154487,359962,unaggregated,21146
0.6912751677852349,162721,0.6149812734082397,131961,2073,unaggregated,21060
0.7743589743589744,192281,0.8161539091281211,176609,168784,unaggregated,21124
0.8862559241706162,3,0.8693445354811832,3,359962,unaggregated,21158
0.72,31091,0.7777777777777779,26687,168757,unaggregated,20947
0.68,29851,0.78,27355,168757,unaggregated,20936
0.8985507246376812,12402,0.8792645161290322,10694,146818,unaggregated,20821
0.8483412322274881,103966,0.8656547701708096,84198,359962,unaggregated,21154
0.8307692307692308,425221,0.8155726565697913,351789,168784,unaggregated,21128
0.79,2333,0.7722222222222223,1802,168757,unaggregated,20928
0.8815165876777251,55781,0.8651215109012638,46101,359962,unaggregated,21137
0.8985507246376812,22897,0.887316129032258,18375,146818,unaggregated,20819
0.8972602739726028,22171,0.9268220474269295,18121,359958,unaggregated,20997
0.910958904109589,1079,0.9252837198502307,1079,359958,unaggregated,21002
0.8512820512820513,331451,0.8092787556283257,274861,168784,unaggregated,21110
0.8588235294117647,1707,0.8620485036119712,1707,190146,unaggregated,20910
0.8985507246376812,40621,0.8888774193548388,36661,146818,unaggregated,20807
0.9178082191780822,263,0.9352102864772298,263,359958,unaggregated,20989
0.76,2928,0.8128026533996684,2928,359955,unaggregated,20865
0.8972602739726028,1612,0.9321539488578644,1612,359958,unaggregated,20985
1.0,1198,0.9993569131832798,1198,359960,unaggregated,21073
0.910958904109589,758,0.9291208312773923,758,359958,unaggregated,21010
0.8153846153846154,77717,0.8023970528039296,71679,168784,unaggregated,21102
0.76,2100,0.8127805417357656,2100,359955,unaggregated,20869
0.8470588235294118,1515,0.8567251461988304,1515,190146,unaggregated,20902
0.7046979865771812,191771,0.6127340823970038,154809,2073,unaggregated,21061
0.855072463768116,5549,0.8920774193548388,4496,146818,unaggregated,20815
0.76,1030,0.8068877833056938,1030,359955,unaggregated,20877
0.8672985781990521,1283,0.8687960005554786,1283,359962,unaggregated,21160
0.8909952606635071,510,0.8656561588668239,510,359962,unaggregated,21135
0.8436018957345972,51912,0.8682807943341203,40902,359962,unaggregated,21148
0.927536231884058,2057,0.8857290322580644,1635,146818,unaggregated,20823
0.71,25611,0.7744444444444445,20761,168757,unaggregated,20934
0.7,43191,0.7722222222222221,35703,168757,unaggregated,20949
0.8862559241706162,154592,0.8651395639494514,125278,359962,unaggregated,21156
0.77,38521,0.7822222222222223,30345,168757,unaggregated,20938
0.79,39091,0.7822222222222222,31361,168757,unaggregated,20945
0.7948717948717948,376952,0.8144478100695866,311908,168784,unaggregated,21126
0.8862559241706162,136946,0.8667268434939592,111906,359962,unaggregated,21139
0.78,1903,0.7755555555555554,1902,168757,unaggregated,20926
0.8767772511848341,106026,0.868801555339536,86146,359962,unaggregated,21144
0.76,387,0.8084024322830292,387,359955,unaggregated,20884
0.8705882352941177,867,0.8607241142070864,867,190146,unaggregated,20892
0.8773584905660378,398,0.8903592314118629,398,359956,unaggregated,20964
1.0,494,1.0,494,359960,unaggregated,21080
0.8867924528301887,647,0.8830687830687831,647,359956,unaggregated,20968
0.76,62,0.8068103924820342,62,359955,unaggregated,20888
0.8962264150943396,192,0.8925034809245336,192,359956,unaggregated,20976
1.0,1288,1.0,1288,359960,unaggregated,21092
0.6756756756756757,37291,0.7054796081111869,29763,359954,unaggregated,20853
0.5878378378378378,7681,0.570566037735849,7593,359959,unaggregated,21034
0.7046979865771812,192467,0.6142322097378277,156189,2073,unaggregated,21041
0.5878378378378378,43081,0.5743396226415094,34575,359959,unaggregated,21038
0.6621621621621622,2671,0.6993734335839599,2669,359954,unaggregated,20841
0.6845637583892618,604492,0.6149812734082397,485742,2073,unaggregated,21057
0.5743243243243243,45891,0.5743396226415094,37069,359959,unaggregated,21026
0.8867924528301887,607,0.8914786967418546,607,359956,unaggregated,20952
0.8962264150943396,335,0.8914619883040935,335,359956,unaggregated,20973
1.0,1699,1.0,1699,359960,unaggregated,21097
0.5337837837837838,27133,0.5758490566037736,22207,359959,unaggregated,21019
0.6621621621621622,64891,0.679835953520164,52619,359954,unaggregated,20860
1.0,718,1.0,718,359960,unaggregated,21089
0.8867924528301887,724,0.8904093567251461,724,359956,unaggregated,20961
0.5878378378378378,72271,0.570566037735849,67863,359959,unaggregated,21015
0.8941176470588236,177,0.8541279669762643,176,190146,unaggregated,20897
1.0,418,0.9993569131832798,418,359960,unaggregated,21085
0.76,514,0.808391376451078,514,359955,unaggregated,20881
0.839622641509434,1953,0.8904093567251461,1952,359956,unaggregated,20957
0.6148648648648649,46681,0.580377358490566,42125,359959,unaggregated,21023
0.6486486486486487,1063,0.7007518796992481,1063,359954,unaggregated,20839
0.7046979865771812,274681,0.6209737827715356,273227,2073,unaggregated,21042
0.5540540540540541,22051,0.5758490566037736,20393,359959,unaggregated,21040
0.6891891891891891,231,0.6872294372294372,231,359954,unaggregated,20844
0.7027027027027027,141871,0.7024720893141945,114603,359954,unaggregated,20835
0.5202702702702703,56467,0.5781132075471698,44968,359959,unaggregated,21031
0.6845637583892618,91001,0.6119850187265918,81759,2073,unaggregated,21054
0.6756756756756757,531,0.6963659147869674,531,359954,unaggregated,20848
0.6081081081081081,92971,0.7099225336067441,75509,359954,unaggregated,20856
0.8470588235294118,691,0.8475920192638459,691,190146,unaggregated,20907
0.9130434782608695,67176,0.8857032258064516,56990,146818,unaggregated,20810
0.7733333333333333,257,0.8024212271973467,213,359955,unaggregated,20872
0.8307692307692308,407401,0.8149946786737617,337323,168784,unaggregated,21119
1.0,83121,1.0,69503,359960,unaggregated,21076
0.8941176470588236,272,0.8436446508427933,272,190146,unaggregated,20919
0.7846153846153846,487161,0.7955513712648383,404263,168784,unaggregated,21107
0.8705882352941177,129,0.865970072239422,129,190146,unaggregated,20915
0.8840579710144928,3361,0.8856516129032258,2385,146818,unaggregated,20802
0.8835616438356164,910,0.9275970162250022,910,359958,unaggregated,20992
0.910958904109589,1346,0.9306301338054741,1346,359958,unaggregated,21007
0.6778523489932886,160200,0.6179775280898877,137024,2073,unaggregated,21062
0.7692307692307693,339851,0.8081440851412198,285345,168784,unaggregated,21115
0.8773584905660378,628,0.8935672514619883,628,359956,unaggregated,20980
0.76,117047,0.7822222222222223,91411,168757,unaggregated,20923
0.8815165876777251,141831,0.8656367171226218,114435,359962,unaggregated,21141
0.76,999,0.7688888888888888,999,168757,unaggregated,20940
0.8153846153846154,284341,0.8127007777322964,264709,168784,unaggregated,21123
0.6845637583892618,325981,0.6307116104868914,261989,2073,unaggregated,21058
0.8695652173913043,74,0.8857290322580645,74,146818,unaggregated,20826
0.8,112071,0.7777777777777778,90389,168757,unaggregated,20931
0.8720379146919431,80716,0.8635314539647272,65362,359962,unaggregated,21153
0.8972602739726028,149252,0.9351957739529213,119942,359958,unaggregated,21005
0.8705882352941177,1445,0.8528723770209838,1445,190146,unaggregated,20909
0.9041095890410958,879,0.9291179287725306,879,359958,unaggregated,20990
0.8256410256410256,486431,0.8104183381088825,422847,168784,unaggregated,21117
1.0,120,1.0,120,359960,unaggregated,21078
0.8823529411764706,1970,0.8594255245958033,1970,190146,unaggregated,20917
0.7181208053691275,305862,0.6254681647940075,246556,2073,unaggregated,21059
0.8256410256410256,252301,0.8104199754400329,216594,168784,unaggregated,21109
0.7733333333333333,1031,0.8127694859038141,1031,359955,unaggregated,20862
1.0,465,1.0,465,359960,unaggregated,21074
0.9041095890410958,715,0.9283748875279366,713,359958,unaggregated,20982
0.8,488501,0.8104281620957838,405215,168784,unaggregated,21105
0.9130434782608695,23811,0.8840774193548387,19303,146818,unaggregated,20812
0.8705882352941177,1445,0.8581355349157207,1445,190146,unaggregated,20905
0.8904109589041096,3028,0.9367253940150351,3028,359958,unaggregated,21009
0.7733333333333333,6913,0.8039137645107794,6913,359955,unaggregated,20870
0.8672985781990521,175201,0.8725065963060686,142569,359962,unaggregated,21132
0.6778523489932886,327162,0.6142322097378278,265134,2073,unaggregated,21063
0.78,42866,0.77,34734,168757,unaggregated,20950
0.74,3010,0.7788888888888889,3009,168757,unaggregated,20933
0.855072463768116,7362,0.8856387096774194,6613,146818,unaggregated,20824
0.8720379146919431,746,0.8667129565338147,746,359962,unaggregated,21151
0.8695652173913043,54096,0.8872387096774194,45104,146818,unaggregated,20828
0.8307692307692308,428741,0.8144216127711831,352527,168784,unaggregated,21121
0.75,1056,0.7677777777777778,1056,168757,unaggregated,20942
0.76,353,0.7644444444444444,317,168757,unaggregated,20921
0.8578199052132701,23551,0.8667004582696848,19955,359962,unaggregated,21143
0.76,2851,0.8023217247097845,2851,359955,unaggregated,20883
1.0,32991,1.0,30861,359960,unaggregated,21099
0.6912751677852349,217302,0.6112359550561799,174706,2073,unaggregated,21055
0.8867924528301887,831,0.894631021999443,831,359956,unaggregated,20963
0.5743243243243243,10429,0.5713207547169812,9505,359959,unaggregated,21017
0.8823529411764706,1445,0.8698400412796697,1387,190146,unaggregated,20895
1.0,1284,1.0,1284,359960,unaggregated,21087
0.7181208053691275,218341,0.6224719101123595,176489,2073,unaggregated,21043
0.8588235294117647,1445,0.8502149982800138,1445,190146,unaggregated,20899
0.8773584905660378,1068,0.8914731272626009,1068,359956,unaggregated,20971
1.0,384,1.0,384,359960,unaggregated,21095
0.8584905660377359,177,0.8799053188526873,176,359956,unaggregated,20959
0.7027027027027027,191,0.6963886990202779,168,359954,unaggregated,20854
0.5405405405405406,17635,0.5735849056603773,13960,359959,unaggregated,21033
0.6756756756756757,26342,0.6949191159717476,25914,359954,unaggregated,20837
0.6486486486486487,132621,0.6933583959899748,121841,359954,unaggregated,20846
0.8773584905660378,888,0.8893790030632134,888,359956,unaggregated,20955
0.5540540540540541,12751,0.5766037735849057,12763,359959,unaggregated,21021
0.6351351351351351,2301,0.6993620414673046,2301,359954,unaggregated,20858
0.8358974358974359,597311,0.818457634056488,495703,168784,unaggregated,21125
0.74,15131,0.7677777777777777,12975,168757,unaggregated,20946
0.8530805687203792,33861,0.8688348840438828,27739,359962,unaggregated,21159
0.8767772511848341,5,0.8677614220247187,5,359962,unaggregated,21147
0.76,64331,0.7733333333333332,52111,168757,unaggregated,20925
0.8767772511848341,249981,0.8646118594639634,203943,359962,unaggregated,21136
0.78,62191,0.7788888888888889,49709,168757,unaggregated,20929
0.8815165876777251,320561,0.8682807943341203,258347,359962,unaggregated,21155
0.8358974358974359,418091,0.8167171510437987,389193,168784,unaggregated,21129
0.697986577181208,396152,0.6187265917602998,319110,2073,unaggregated,21064
0.74,70451,0.7655555555555555,56605,168757,unaggregated,20937
0.8840579710144928,22527,0.8872903225806452,18035,146818,unaggregated,20820
0.8,451511,0.8058387228817028,373423,168784,unaggregated,21101
0.8840579710144928,48666,0.8824,38268,146818,unaggregated,20808
0.8767123287671232,1972,0.932920210141352,1972,359958,unaggregated,20986
0.7114093959731543,147621,0.6112359550561799,113285,2073,unaggregated,21048
0.7733333333333333,179,0.8098286346047541,179,359955,unaggregated,20874
0.8840579710144928,62821,0.8888129032258064,51041,146818,unaggregated,20816
0.910958904109589,123551,0.9268481699706846,100727,359958,unaggregated,20998
0.8588235294117647,773,0.8422858617131063,773,190146,unaggregated,20901
0.76,5192,0.8098728579325595,4106,359955,unaggregated,20878
0.8102564102564103,92291,0.8041227998362668,77209,168784,unaggregated,21113
0.910958904109589,1997,0.9299016050851886,1997,359958,unaggregated,21001
0.910958904109589,366,0.9283545699939048,366,359958,unaggregated,20994
0.7466666666666667,498,0.8142509673852956,498,359955,unaggregated,20866
0.8840579710144928,93491,0.8888774193548388,77755,146818,unaggregated,20804
0.8705882352941177,723,0.8593395252837978,723,190146,unaggregated,20913
0.6891891891891891,25881,0.6962178172704488,24681,359954,unaggregated,20842
0.8679245283018868,904,0.8893622946254526,904,359956,unaggregated,20951
0.581081081081081,30019,0.5683018867924527,24961,359959,unaggregated,21025
0.6621621621621622,173031,0.6904420141262246,146455,359954,unaggregated,20850
0.527027027027027,63351,0.5773584905660377,50721,359959,unaggregated,21029
0.5675675675675675,61771,0.5690566037735849,49765,359959,unaggregated,21037
0.6216216216216216,1389,0.6964114832535884,1389,359954,unaggregated,20833
0.7315436241610739,305501,0.6217228464419475,246237,2073,unaggregated,21068
1.0,920,1.0,920,359960,unaggregated,21091
0.6845637583892618,226752,0.6172284644194757,183010,2073,unaggregated,21044
0.8867924528301887,1066,0.8935561125034809,1066,359956,unaggregated,20975
0.76,940,0.8128026533996684,940,359955,unaggregated,20887
0.7114093959731543,188461,0.6074906367041198,151161,2073,unaggregated,21052
0.8867924528301887,345,0.8872737399053188,345,359956,unaggregated,20979
1.0,352,0.9993569131832798,351,359960,unaggregated,21083
0.8773584905660378,415,0.8872904483430799,415,359956,unaggregated,20967
0.5878378378378378,1237,0.5781132075471698,1089,359959,unaggregated,21013
0.8588235294117647,1044,0.8540935672514621,1044,190146,unaggregated,20891
0.6621621621621622,1026,0.6903736614262931,1026,359954,unaggregated,20831
0.5405405405405406,108661,0.5660377358490567,86905,359959,unaggregated,21035
0.6912751677852349,410171,0.6119850187265918,328379,2073,unaggregated,21053
0.6756756756756757,783,0.7009227614490772,783,359954,unaggregated,20852
0.6644295302013423,606101,0.6187265917602996,486769,2073,unaggregated,21045
0.9056603773584906,265,0.8924867724867726,264,359956,unaggregated,20953
0.5743243243243243,829,0.5675471698113207,778,359959,unaggregated,21027
0.6756756756756757,39377,0.688755980861244,31821,359954,unaggregated,20840
0.5608108108108109,18631,0.5660377358490566,14457,359959,unaggregated,21039
1.0,351,1.0,351,359960,unaggregated,21081
0.6845637583892618,20,0.6164794007490637,20,2073,unaggregated,21069
0.8867924528301887,968,0.8904037872458925,968,359956,unaggregated,20965
0.5675675675675675,10783,0.5683018867924527,10600,359959,unaggregated,21011
0.8588235294117647,447,0.8632782937736498,447,190146,unaggregated,20893
0.7466666666666667,1272,0.8112548369264786,1272,359955,unaggregated,20885
1.0,1566,1.0,1566,359960,unaggregated,21093
0.76,474,0.8068767274737423,474,359955,unaggregated,20889
0.8773584905660378,359,0.8851517683096631,359,359956,unaggregated,20977
0.8867924528301887,274,0.889351155666945,274,359956,unaggregated,20969
0.8767772511848341,73256,0.8688043327315651,59208,359962,unaggregated,21157
0.74,62756,0.77,50150,168757,unaggregated,20948
0.9130434782608695,18112,0.8952774193548387,15110,146818,unaggregated,20822
0.77,511,0.7755555555555554,415,168757,unaggregated,20935
0.8672985781990521,220361,0.8667101791417859,177891,359962,unaggregated,21149
0.8815165876777251,29541,0.8672267740591584,23127,359962,unaggregated,21134
0.8767772511848341,102791,0.8667282321899735,82983,359962,unaggregated,21145
0.7046979865771812,221842,0.6037453183520599,178972,2073,unaggregated,21049
0.855072463768116,10931,0.8856903225806452,8871,146818,unaggregated,20830
0.79,8451,0.7722222222222223,6721,168757,unaggregated,20927
0.8815165876777251,241801,0.8672295514511873,196949,359962,unaggregated,21138
0.78,118961,0.7688888888888888,94121,168757,unaggregated,20944
0.8256410256410256,588661,0.8127269750307,484289,168784,unaggregated,21127
0.75,592,0.7699999999999999,592,168757,unaggregated,20939
0.76,778,0.8084466556108347,778,359955,unaggregated,20864
0.8588235294117647,917,0.8528723770209836,917,190146,unaggregated,20911
0.8972602739726028,972,0.9375119728325544,972,359958,unaggregated,20988
0.697986577181208,137762,0.6217228464419475,109588,2073,unaggregated,21065
0.8695652173913043,44931,0.8904516129032258,34643,146818,unaggregated,20806
0.8358974358974359,257721,0.8069914040114613,218871,168784,unaggregated,21111
0.910958904109589,341,0.9260702986677503,341,359958,unaggregated,20996
0.8840579710144928,9021,0.888916129032258,7133,146818,unaggregated,20818
0.9041095890410958,1034,0.9314080051084085,1034,359958,unaggregated,21003
0.7466666666666667,1506,0.8127252625760087,1506,359955,unaggregated,20876
0.8941176470588236,1297,0.8738734090127279,1297,190146,unaggregated,20903
0.8695652173913043,34541,0.8857032258064516,30505,146818,unaggregated,20814
0.8256410256410256,192771,0.8109832173557102,160193,168784,unaggregated,21103
0.76,862,0.8173576561636263,862,359955,unaggregated,20868
0.9178082191780822,249,0.9306620613589528,249,359958,unaggregated,20984
1.0,476,1.0,476,359960,unaggregated,21072
